S.No.,SSU No,Plot No.,Date,Forest/Plantation,Year of plantation,Name of area,No.of pnumatophores in 1m2,Plot size (m),Cover%,Centre/SSU,X Coordinate,Y Coordinate,Biomas/Inventry,,Dead Wood Wt. (kg),Stem No.,Species,DBH(cm),Dia at base (cm),Ht. (m),Crown dia (m),AGM,AGM (t/ha),BGM,BGM (t/ha),Total M,Total M (t/ha),AGC,AGC (t/ha),BGC,BGC (t/ha),Total C,Total C (t/ha),Age,Sequestration (CO2 t/ha/yr),No.of plants in 1 m2,F.wt./sq.m area (Kg),Tree form,Stump Dia (cm),Ht. (cm),Decay%,Soil 1m (gm),30cm (kg,Pneumatophore (kg),Pneumato dry wt,Full,cut 0.5, 1/4,Shrub Total Wt.,Fresh wt shrub,Sample Wt.,Regeneration Dia at base (cm),Ht. (m),No. of plant,Plot Size,Grass F.Wt.(kg),,,,,,Total C (t/ha),Age,,Cover%,DBH(cm),Dia at base (cm),Ht. (m),,,,Cover%,Stem No.,DBH(cm),Dia at base (cm),Ht. (m),AGM,AGM (t/ha),Age,Age by model,Total C (t/ha),C Seq,,,,,,,,,,,,
98,,30,,Plantation,2011,Creek Mian Laal,,,60,Center,211700,716741,,,,19,Avicennia marina/Rhizophora,4.69,9.57,2.37,1.05,240.60,9.62,119.71,4.79,360.31,14.41,120.30,4.81,46.69,1.87,171.80,6.87,25.00,1.01,,,,,,,,,,,,,,,,,,,,,,,,,,,14.31082907,25,,80,4.69,9.57,2.37,504.05,,,80,19,4.69,9.57,2.37,504.05,20.16,20,10.7534742,14.31082907,0.715541453,,,,,,,,,,,,
,,11,29-1-2019,Plantation,2013,P.T,,9,,SSU135,2057005,796730,,,,31,Rhizophora/Avicennia marina,3.23,7.89,2.30,2.21,156.16,6.25,82.23,3.29,238.39,9.54,78.08,3.12,32.07,1.28,113.27,4.53,15.00,1.11,,,,,,,,,,,,,,,,,,,,,,,,,,,3.724757094,15,,60,3.23,7.89,2.30,115.90,,,,,,,,,,,,,,,,,,60,31,3.23,7.89,2.30,115.90,4.64,15
,,11,29-1-2019,Plantation,2013,P.T,,9,,SSU225,2057005,796643,,,,23,Avicennia marina/Rhizophora,2.89,5.38,2.22,1.77,66.08,2.64,39.51,1.58,105.59,4.22,33.04,1.32,15.41,0.62,49.77,1.99,10.00,0.73,,,,,,,,,,,,,,,,,,,,,,,,,,,1.606376161,10,,50,2.89,5.38,2.22,46.51,,,,,,,,,,,,,,,,,,50,23,2.89,5.38,2.22,46.51,1.86,10
81,,11,29-1-2019,Plantation,2013,P.T,,9,,centre,2057056,796699,,,,17,Rhizophora/Avicennia marina,3.03,7.13,2.31,2.39,60.48,2.42,32.49,1.30,92.97,3.72,30.24,1.21,12.67,0.51,44.12,1.76,10.00,0.65,,,,,,,,,,,,,,,,,,,,,,,,,,,1.368581234,10,,60,3.03,7.13,2.31,41.32,,,,,,,,,,,,,,,,,,60,17,3.03,7.13,2.31,41.32,1.65,10
,,11,29-1-2019,Plantation,2013,P.T,,9,,SSU315,2057056,796612,,,,30,Rhizophora,3.24,8.50,2.73,2.33,145.59,5.82,77.23,3.09,222.82,8.91,72.79,2.91,30.12,1.20,105.83,4.23,10.00,1.55,,,,,,,,,,,,,,,,,,,,,,,,,,,3.444016678,10,,70,3.24,8.50,2.73,105.88,,,,,,,,,,,,,,,,,,70,30,3.24,8.50,2.73,105.88,4.24,10
,,11,29-1-2019,Plantation,2013,P.T,,9,,SSU45,2057092,796730,,,,1,Rhizophora mucronata/Avicennia marina,6.82,11.50,3.64,4.88,181.22,7.25,102.72,4.11,283.94,11.36,90.61,3.62,40.06,1.60,134.30,5.37,5.00,3.93,,,,,,,,,,,,,,,,,,,,,,,,,,,5.169856265,25,,100,6.82,11.50,3.64,172.27,,,100,1,6.82,11.50,3.64,172.27,6.89,25,12.11840115,5.169856265,,,,,,,,,,,,,
,,2,24-1-2019,Plantation,2002,P.T Creek,,9,10,SSU225,2057246,791239,,,,21,Rhizophora mucronata/Avicennia marina,4.46,8.40,4.07,4.05,486.83,19.47,273.52,10.94,760.35,30.41,243.42,9.74,106.67,4.27,359.83,14.39,16.00,3.29,,,,,,,,,,,,,,,,,,,,,,,,,,,13.84969608,18,,90,4.46,8.40,4.07,462.76,,,90,21,4.46,8.40,4.07,462.76,18.51,18,10.60702687,13.84969608,0.76942756,,,,,,,,,,,,
,,2,24-1-2019,Plantation,2002,P.T Creek,,9,45,SSU315,2057249,791310,,,,16,Rhizophora mucronata/Avicennia marina,3.48,7.00,3.44,3.80,111.90,4.48,68.82,2.75,180.72,7.23,55.95,2.24,26.84,1.07,85.03,3.40,16.00,0.78,,,,,,,,,,,,,,,,,,,,,,,,,,,2.967574238,18,,70,3.48,7.00,3.44,88.80,,,,,,,,,,,,,,,,,,70,16,3.48,7.00,3.44,88.80,3.55,18
73,,2,24-1-2019,Plantation,2002,P.T Creek,,9,75,centre,2057280,791270,,,,15,Avicennia marina/Rhizophora muraconata,5.65,10.67,3.27,4.66,483.35,19.33,271.11,10.84,754.46,30.18,241.68,9.67,105.73,4.23,357.08,14.28,16.00,3.27,,,,,,,,,,,,,,,,,,,,,,,,,,,14.18442472,18,,60,5.65,10.67,3.27,482.83,,,60,15,5.65,10.67,3.27,482.83,19.31,18,11.36948791,14.18442472,0.788023596,,,,,,,,,,,,
,,2,24-1-2019,Plantation,2002,P.T Creek,,9,80,SSU45,2057316,791301,,,,15,Avicennia marina/Rhizophora muraconata,4.48,9.13,3.20,2.61,157.85,6.31,89.81,3.59,247.67,9.91,78.93,3.16,35.03,1.40,117.11,4.68,16.00,1.07,,,,,,,,,,,,,,,,,,,,,,,,,,,4.407851616,18,,60,4.48,9.13,3.20,144.45,,,,,,,,,,,,,,,,,,60,15,4.48,9.13,3.20,144.45,5.78,18
,,2,24-1-2019,Plantation,2002,P.T Creek,,9,30,SSU135,2057317,791235,,,,13,Rhizophora mucronata/Avicennia marina,7.57,14.50,3.45,4.25,849.78,33.99,454.76,18.19,1304.54,52.18,424.89,17.00,177.36,7.09,619.24,24.77,16.00,5.67,,,,,,,,,,,,,,,,,,,,,,,,,,,24.3362626,18,,85,7.57,14.50,3.45,839.72,,,85,13,7.57,14.50,3.45,839.72,33.59,18,12.59801429,24.3362626,1.352014589,,,,,,,,,,,,
,,31.1,22-1-2019,Plantation,2009,P.qasim,,9,75,SSU225,2058114,787357,,,,8,Avicennia marina,3.91,5.88,1.64,1.11,46.67,1.87,27.73,1.11,74.40,2.98,23.33,0.93,10.81,0.43,35.08,1.40,9.00,0.57,,,,,,,,,,,,,,,,,,,,,,,,,,,1.207691379,16,,75,3.91,5.88,1.64,40.09,,,,,,,,,,,,,,,,,,75,8,3.91,5.88,1.64,40.09,1.60,16
85,,31.1,22-1-2019,Plantation,2009,P.qasim,230,9,90,centre,2058151,787391,,,,12,Avicennia marina,3.83,7.08,2.84,3.14,61.67,2.47,36.88,1.48,98.56,3.94,30.84,1.23,14.39,0.58,46.46,1.86,9.00,0.76,,,,,,,,,,,,,,,,,,,,,,,,,,,1.846450278,16,,80,3.83,7.08,2.84,61.46,,,,,,,,,,,,,,,,,,80,12,3.83,7.08,2.84,61.46,2.46,16
,,31.1,22-1-2019,Plantation,2009,P.qasim,,9,80,SSU135,2058187,787352,,,,25,Avicennia marina,4.34,6.80,1.04,1.62,182.76,7.31,108.14,4.33,290.90,11.64,91.38,3.66,42.17,1.69,137.21,5.49,9.00,2.23,,,,,,,,,,,,,,,,,,,,,,,,,,,4.537879463,16,,30,4.34,6.80,1.04,150.96,,,,,,,,,,,,,,,,,,30,25,4.34,6.80,1.04,150.96,6.04,16
,,31.1,22-1-2019,Plantation,2009,P.qasim,,9,80,SSU45,2058191,787427,,,,8,Avicennia marina,4.14,6.38,0.56,1.33,49.66,1.99,29.75,1.19,79.41,3.18,24.83,0.99,11.60,0.46,37.43,1.50,9.00,0.61,,,,,,,,,,,,,,,,,,,,,,,,,,,1.275259819,16,,<10,4.14,6.38,0.56,42.27,,,,,,,,,,,,,,,,,,<10,8,4.14,6.38,0.56,42.27,1.69,16
,,1,24-1-2019,Plantation,2000,P.QASIM,,9,60,SSU225,2058688,790308,,,,24,Avicennia marina,4.47,7.08,1.54,2.10,192.59,7.70,113.26,4.53,305.84,12.23,96.29,3.85,44.17,1.77,144.32,5.77,18.00,1.17,,,,,,,,,,,,,,,,,,,,,,,,,,,4.702325971,16,,45,4.47,7.08,1.54,156.73,,,,,,,,,,,,,,,,,,45,24,4.47,7.08,1.54,156.73,6.27,16
,,1,24-1-2019,Plantation,2000,P>Qasim,,9,85,SSU315,2058696,790377,,,,15,Rhizophora mucronata/Avicennia marina,5.23,13.14,3.39,3.50,421.50,16.86,238.11,9.52,659.61,26.38,210.75,8.43,92.86,3.71,312.04,12.48,18.00,2.54,,,,,,,,,,,,,,,,,,,,,,,,,,,12.09600243,19,,75,5.23,13.14,3.39,405.30,,,75,15,5.23,13.14,3.39,405.30,16.21,19,11.10022571,12.09600243,0.636631707,,,,,,,,,,,,
72,,1.1,24-1-2019,Plantation,2000,P.qasim,,9,90,centre,2058727,790342,,,,15,Rhizophora mucronata/Avicennia marina,5.41,13.17,4.17,5.14,960.14,38.41,522.88,20.92,1483.02,59.32,480.07,19.20,203.92,8.16,703.20,28.13,18.00,5.72,,,,,,,,,,,,,,,,,,,,,,,,,,,27.44558718,19,,70,5.41,13.17,4.17,936.99,,,70,15,5.41,13.17,4.17,936.99,37.48,19,11.21322624,27.44558718,1.444504588,,,,,,,,,,,,
,,1,24-1-2019,Plantation,2000,P.Qasim,,9,60,SSU135,2058757,790307,,,,15,Rhizophora mucronata/Avicennia marina,5.75,12.13,3.43,3.56,550.00,22.00,300.35,12.01,850.35,34.01,275.00,11.00,117.14,4.69,403.14,16.13,18.00,3.28,,,,,,,,,,,,,,,,,,,,,,,,,,,15.67083557,19,,65,5.75,12.13,3.43,533.21,,,65,15,5.75,12.13,3.43,533.21,21.33,19,11.43564673,15.67083557,0.824780819,,,,,,,,,,,,
,,1,24-1-2019,Plantation,2000,P.Qasim,,9,70,SSU45,2058758,790369,,,,8,Avicennia marina/Rhizophora muraconata,7.28,17.17,4.36,5.54,631.65,25.27,344.44,13.78,976.09,39.04,315.83,12.63,134.33,5.37,462.79,18.51,18.00,3.76,,,,,,,,,,,,,,,,,,,,,,,,,,,18.2559722,19,,35,7.28,17.17,4.36,626.63,,,35,8,7.28,17.17,4.36,626.63,25.07,19,12.411704,18.2559722,0.960840642,,,,,,,,,,,,
,,4,26-1-2019,Plantation,2003,Rakhaal,,9,25,SSU225,2059528,787949,,,,12,Rhizophora mucronata/Avicennia marina,3.27,8.67,3.17,3.25,57.71,2.31,33.52,1.34,91.24,3.65,28.86,1.15,13.07,0.52,43.08,1.72,15.00,0.42,,,,,,,,,,,,,,,,,,,,,,,,,,,1.366327841,19,,80,3.27,8.67,3.17,39.16,,,,,,,,,,,,,,,,,,80,12,3.27,8.67,3.17,39.16,1.57,19
,,4.1,26-1-2019,Plantation,2003,Rakhaal,,9,80,SSU315,2059531,788025,,,,15,Rhizophora mucronata/Avicennia marina,5.24,12.00,3.68,3.69,410.05,16.40,231.87,9.27,641.92,25.68,205.03,8.20,90.43,3.62,303.66,12.15,15.00,2.96,,,,,,,,,,,,,,,,,,,,,,,,,,,11.71347164,15,,70,5.24,12.00,3.68,391.19,,,70,15,5.24,12.00,3.68,391.19,15.65,15,11.10908182,11.71347164,0.78089811,,,,,,,,,,,,
75,,4.1,26-1-2019,Plantation,2003,Nehri plantaion,125,9,70,centre,2059563,787982,,,,10,Rhizophora mucronata/Avicennia marina,6.58,11.29,2.93,3.86,463.34,18.53,249.50,9.98,712.83,28.51,231.67,9.27,97.30,3.89,338.24,13.53,15.00,3.30,,,,,,,,,,,,,,,,,,,,,,,,,,,13.33243809,15,,65,6.58,11.29,2.93,459.27,,,65,10,6.58,11.29,2.93,459.27,18.37,15,11.96322546,13.33243809,0.888829206,,,,,,,,,,,,
,,4.1,26-1-2019,Plantation,2003,Rakhaal,,9,65,SSU135,2059598,787943,,,,8,Avicennia marina/Rhizophora muraconata,8.22,18.40,3.73,5.43,623.12,24.92,331.27,13.25,954.39,38.18,311.56,12.46,129.19,5.17,453.22,18.13,15.00,4.42,,,,,,,,,,,,,,,,,,,,,,,,,,,17.82677669,15,,25,8.22,18.40,3.73,616.97,,,25,8,8.22,18.40,3.73,616.97,24.68,15,13.01406667,17.82677669,1.18845178,,,,,,,,,,,,
,,3,26-1-2019,Plantation,1999,Rakhaal,,9,35,SSU225,2059827,788171,,,,10,Avicennia marina/Rhizophora muraconata,11.85,25.83,4.15,5.76,1849.14,73.97,923.94,36.96,2773.07,110.92,924.57,36.98,360.34,14.41,1321.89,52.88,19.00,10.19,,,,,,,,,,,,,,,,,,,,,,,,,,,51.94397853,15,,80,11.85,25.83,4.15,1839.04,,,80,10,11.85,25.83,4.15,1839.04,73.56,15,15.33174713,51.94397853,3.462931902,,,,,,,,,,,,
,,3,26-1-2019,Plantation,1999,Rakhaal,,9,80,SSU315,2059834,788233,,,,19,Rhizophora mucronata/Avicennia marina,7.88,17.82,3.64,4.53,1499.02,59.96,805.12,32.20,2304.14,92.17,749.51,29.98,314.00,12.56,1093.49,43.74,19.00,8.43,,,,,,,,,,,,,,,,,,,,,,,,,,,42.97286884,17,,80,7.88,17.82,3.64,1480.67,,,80,19,7.88,17.82,3.64,1480.67,59.23,17,12.79371837,42.97286884,2.527815814,,,,,,,,,,,,
74,,3,26-1-2019,Plantation,1999,Rakhaal,105,9,75,centre,2059857,788210,,,,9,Rhizophora mucronata/Avicennia marina,10.82,35.75,4.04,5.92,1574.09,62.96,805.36,32.21,2379.45,95.18,787.04,31.48,314.09,12.56,1132.62,45.30,19.00,8.73,,,,,,,,,,,,,,,,,,,,,,,,,,,44.50608485,17,,70,10.82,35.75,4.04,1561.99,,,70,9,10.82,35.75,4.04,1561.99,62.48,17,14.67366364,44.50608485,2.618004991,,,,,,,,,,,,
,,3,26-1-2019,Plantation,1999,Rakhaal,,9,65,SSU135,2059885,788167,,,,20,Rhizophora mucronata/Avicennia marina,6.25,24.20,3.81,4.05,917.41,36.70,520.58,20.82,1437.98,57.52,458.70,18.35,203.02,8.12,680.08,27.20,19.00,5.24,,,,,,,,,,,,,,,,,,,,,,,,,,,26.4090289,17,,90,6.25,24.20,3.81,884.16,,,90,20,6.25,24.20,3.81,884.16,35.37,17,11.75635882,26.4090289,1.553472288,,,,,,,,,,,,
,,3,26-1-2019,Plantation,1999,Rakhaal,,9,70,SSU45,2059890,788238,,,,22,Rhizophora mucronata/Avicennia marina,5.95,14.00,3.75,3.75,634.50,25.38,360.85,14.43,995.35,39.81,317.25,12.69,140.73,5.63,470.67,18.83,19.00,3.63,,,,,,,,,,,,,,,,,,,,,,,,,,,18.14562365,17,,85,5.95,14.00,3.75,604.34,,,85,22,5.95,14.00,3.75,604.34,24.17,17,11.56295714,18.14562365,1.067389626,,,,,,,,,,,,
71,,44,23-1-2019,Plantation,1993,Goodi wari,,9,100,centre,2060030,785391,,,,9,Avicennia marina/Rhizophora muraconata,7.04,16.00,3.29,4.69,672.37,26.89,360.50,14.42,1032.87,41.31,336.18,13.45,140.60,5.62,490.23,19.61,25.00,2.87,,,,,,,,,,,,,,,,,,,,,,,,,,,19.29510385,17,,50,7.04,16.00,3.29,665.83,,,50,9,7.04,16.00,3.29,665.83,26.63,17,12.25983829,19.29510385,1.135006109,,,,,,,,,,,,
,,10,29-1-2019,Plantation,1998,Korangi,,9,,SSU225,2060113,799806,,,,8,Rhizophora mucronata/Avicennia marina,6.53,43.00,5.63,5.38,1204.29,48.17,650.33,26.01,1854.62,74.18,602.14,24.09,253.63,10.15,879.86,35.19,20.00,6.44,,,,,,,,,,,,,,,,,,,,,,,,,,,34.82160984,26,,100,6.53,43.00,5.63,1201.88,,,100,8,6.53,43.00,5.63,1201.88,48.08,26,11.92987368,34.82160984,1.339292686,,,,,,,,,,,,
,,10,29-1-2019,Plantation,1998,Korangi creek,,9,40,SSU315,2060116,799880,,,,16,Rhizophora mucronata/Avicennia marina,5.14,14.50,4.50,5.24,799.03,31.96,436.29,17.45,1235.32,49.41,399.52,15.98,170.15,6.81,585.65,23.43,20.00,4.29,,,,,,,,,,,,,,,,,,,,,,,,,,,22.87951342,21,,95,5.14,14.50,4.50,780.50,,,95,16,5.14,14.50,4.50,780.50,31.22,21,11.04229457,22.87951342,1.089500639,,,,,,,,,,,,
80,,10,29-1-2019,Plantation,1998,Korangi,,9,100,Centre,2060148,799841,,,,14,Rhizophora mucronata/Avicennia marina,3.83,8.00,3.66,4.29,270.98,10.84,163.23,6.53,434.21,17.37,135.49,5.42,63.66,2.55,204.57,8.18,20.00,1.50,19.00,,,,,,,,,,,,,,,,,,,,,,,,,,7.623841572,21,,80,3.83,8.00,3.66,242.29,,,80,14,3.83,8.00,3.66,242.29,9.69,21,10.20739352,7.623841572,,,,,,,,,,,,,
,,10,29-1-2019,Plantation,1998,Korangi creek,,9,100,SSU45,2060184,799875,,,,12,Rhizophora mucronata/Avicennia marina,8.50,19.00,4.88,6.71,1240.70,49.63,666.91,26.68,1907.61,76.30,620.35,24.81,260.10,10.40,905.26,36.21,20.00,6.63,,,,,,,,,,,,,,,,,,,,,,,,,,,35.7858149,21,,70,8.50,19.00,4.88,1236.59,,,70,12,8.50,19.00,4.88,1236.59,49.46,21,13.19165,35.7858149,1.704086424,,,,,,,,,,,,
,,5,27-1-2019,Plantation,2001,Wellasoo,,9,85,SSU225,2060504,786090,,,,10,Avicennia marina/Rhizophora muraconata,7.48,16.83,4.31,5.58,844.69,33.79,448.50,17.94,1293.19,51.73,422.35,16.89,174.91,7.00,614.15,24.57,17.00,5.29,,,,,,,,,,,,,,,,,,,,,,,,,,,24.15382827,21,,70,7.48,16.83,4.31,836.28,,,70,10,7.48,16.83,4.31,836.28,33.45,21,12.54051111,24.15382827,1.150182299,,,,,,,,,,,,
,,5,27-1-2019,Plantation,2001,Wellasoo,,9,50,SSU315,2060513,786158,,,,10,Rhizophora mucronata/Avicennia marina,4.92,24.00,4.35,4.32,403.24,16.13,247.11,9.88,650.35,26.01,201.62,8.06,96.37,3.85,306.06,12.24,17.00,2.64,,,,,,,,,,,,,,,,,,,,,,,,,,,11.90988629,21,,80,4.92,24.00,4.35,386.39,,,80,10,4.92,24.00,4.35,386.39,15.46,21,10.90226486,11.90988629,,,,,,,,,,,,,
76,,5,27-1-2019,Plantation,2001,wellawsoo,207,9,80,centre,2060544,786125,,,,13,Avicennia marina/Rhizophora muraconata,6.90,20.25,3.11,2.58,584.89,23.40,307.51,12.30,892.41,35.70,292.45,11.70,119.93,4.80,424.08,16.96,17.00,3.65,,,,,,,,,,,,,,,,,,,,,,,,,,,16.43594783,10,,40,6.90,20.25,3.11,566.74,,,40,13,6.90,20.25,3.11,566.74,22.67,10,12.16877,16.43594783,1.643594783,,,,,,,,,,,,
,,5,27-1-2019,Plantation,2001,Wellasoo,,9,90,SSU135,2060578,786087,,,,9,Avicennia marina/Rhizophora muraconata,7.07,13.20,3.17,5.63,407.74,16.31,218.34,8.73,626.08,25.04,203.87,8.15,85.15,3.41,297.18,11.89,17.00,2.56,9.00,,,,,,,,,,,,,,,,,,,,,,,,,,11.56836937,10,,60,7.07,13.20,3.17,397.00,,,60,9,7.07,13.20,3.17,397.00,15.88,10,12.27973969,11.56836937,1.156836937,,,,,,,,,,,,
,,5,27-1-2019,Plantation,2001,Wellasoo,,9,70,SSU45,2060580,786157,,,,9,Avicennia marina/Rhizophora muraconata,8.63,14.38,3.97,5.50,1158.65,46.35,618.80,24.75,1777.46,71.10,579.33,23.17,241.33,9.65,843.83,33.75,17.00,7.27,,,,,,,,,,,,,,,,,,,,,,,,,,,33.40074772,10,,60,8.63,14.38,3.97,1157.83,,,60,9,8.63,14.38,3.97,1157.83,46.31,10,13.2715625,33.40074772,3.340074772,,,,,,,,,,,,
,,9,28-1-2019,Plantation,2008,Bathan,,9,60,SSU225,2063005,791073,,,,27,Rhizophora mucronata/Avicennia marina,3.31,14.00,2.67,1.68,157.69,6.31,83.11,3.32,240.80,9.63,78.84,3.15,32.41,1.30,114.41,4.58,10.00,1.67,,,,,,,,,,,,,,,,,,,,,,,,,,,3.582135169,10,,25,3.31,14.00,2.67,107.43,,,,,,,,,,,,,,,,,,25,27,3.31,14.00,2.67,107.43,4.30,10
,,9,28-1-2019,Plantation,2008,Bathan,,9,25,SSU315,2063010,791143,,,,6,Avicennia marina/Rhizophora muraconata,7.88,16.80,3.47,5.63,524.33,20.97,278.88,11.16,803.21,32.13,262.16,10.49,108.76,4.35,381.41,15.26,10.00,5.58,6.00,,,,,,,,,,,,,,,,,,,,,,,,,,15.05258123,10,,25,7.88,16.80,3.47,521.79,,,25,6,7.88,16.80,3.47,521.79,20.87,10,12.79623096,15.05258123,1.505258123,,,,,,,,,,,,
79,,9,28-1-2019,Plantation,2008,Bathan,120,9,40,Centre,2063043,791107,,,,12,Rhizophora mucronata/Avicennia marina,3.85,7.71,2.70,1.90,66.71,2.67,39.45,1.58,106.16,4.25,33.36,1.33,15.38,0.62,50.08,2.00,10.00,0.73,,,,,,,,,,,,,,,,,,,,,,,,,,,1.749793211,20,,100,3.85,7.71,2.70,54.24,,,,,,,,,,,,,,,,,,100,12,3.85,7.71,2.70,54.24,2.17,20
,,13,31-1-2019,Plantation,1995,Sannai,,9,50,SSU225,2063049,781255,,,,19,Rhizophora mucronata/Avicennia marina,3.75,11.40,2.58,1.58,175.82,7.03,97.37,3.89,273.19,10.93,87.91,3.52,37.97,1.52,129.40,5.18,23.00,0.82,,,,,,,,,,,,,,,,,,,,,,,,,,,4.595677123,20,,,3.75,11.40,2.58,147.46,,,,,,,,,,,,,,,,,,,19,3.75,11.40,2.58,147.46,5.90,20
,,13,31-1-2019,Plantation,1995,Sannai,,9,30,SSU315,2063051,781329,,,,14,Avicennia marina/Rhizophora muraconata/Ceriops tagal,6.82,14.00,3.19,3.18,442.48,17.70,235.12,9.40,677.60,27.10,221.24,8.85,91.70,3.67,321.79,12.87,23.00,2.05,,,,,,,,,,,,,,,,,,,,,,,,,,,12.61929169,20,,40,6.82,14.00,3.19,436.12,,,40,14,6.82,14.00,3.19,436.12,17.44,20,12.11988235,12.61929169,0.630964584,,,,,,,,,,,,
,,9,28-1-2019,Plantation,2008,Bathan,,9,25,SSU135,2063078,791069,,,,22,Rhizophora mucronata/Avicennia marina,5.62,15.57,4.27,4.09,638.17,25.53,348.30,13.93,986.47,39.46,319.09,12.76,135.84,5.43,467.69,18.71,10.00,6.85,17.00,,,,,,,,,,,,,,,,,,,,,,,,,,17.88846309,20,,100,5.62,15.57,4.27,603.22,,,100,22,5.62,15.57,4.27,603.22,24.13,20,11.35091163,17.88846309,0.894423154,,,,,,,,,,,,
,,9,28-1-2019,Plantation,2008,Bathan,,9,60,SSU45,2063081,791141,,,,,,,,,,,,,,,,,,,,,,,,,,,,,,,,,,,,,,,,,,,,,,,,,,,,,,,,,0.00,,,,,,,,,,,,,,,,,,,,,,,,,
83,,13,31-1-2019,Plantation,1995,Sannai,120,9,70,centre,2063084,781291,,,,2,Rhizophora mucronata/Avicennia marina,2.57,3.00,0.26,,,,,,,,,,,,,,,,,,,,,,,,,,,,,,,,,,,,,,,,,,0.096188745,5,,0,2.57,3.00,0.26,2.82,,,,,,,,,,,,,,,,,,0,2,2.57,3.00,0.26,2.82,0.11,5
,,13,31-1-2019,Plantation,1995,Sannai,,9,15,SSU135,2063117,781255,,,,1,Rhizophora mucronata,2.1037,2.00,0.27,,,,,,,,,,,,,,,,,,,,,,,,,,,,,,,,,,,,,,,,,,0.018954418,5,,0,2.1037,2.00,0.27,0.30,,,,,,,,,,,,,,,,,,0,1,2.1037,2.00,0.27,0.30,0.01,5
,,13,31-1-2019,Plantation,1995,Sannai,,9,26,SSU45,2063121,781325,,,,1,Rhizophora mucronata,2.1037,2.00,0.28,,,,,,,,,,,,,,,,,,,,,,,,,,,,,,,,,,,,,,,,,,0.018954418,5,,0,2.1037,2.00,0.28,0.30,,,,,,,,,,,,,,,,,,0,1,2.1037,2.00,0.28,0.30,0.01,5
,,12,31-1-2019,Plantation,1994,Dhunhi wala                                                                                                                               ,,9,50,SSU225,2063170,783996,,,,1,Rhizophora mucronata,2.1037,2.00,0.28,,,,,,,,,,,,,,,,,,,,,,,,,,,,,,,,,,,,,,,,,,0.018954418,5,,0,2.1037,2.00,0.28,0.30,,,,,,,,,,,,,,,,,,0,1,2.1037,2.00,0.28,0.30,0.01,5
,,12,31-1-2019,Plantation,1994,Dhunhi wala                                                                                                                               ,,9,50,SSU315,2063174,784065,,,,1,Rhizophora mucronata/Avicennia marina,2.80,3.50,0.39,,5.55,0.22,2.89,0.12,8.43,0.34,2.77,0.11,1.13,0.05,4.01,0.16,24.00,0.02,,,,,,,,,,,,,,,,,,,,,,,,,,,0.126241542,5,,0,2.80,3.50,0.39,3.83,,,,,,,,,,,,,,,,,,0,1,2.80,3.50,0.39,3.83,0.15,5
82,,12,31-1-2019,Plantation,1994,Dhunhi wala                                                                                                                               ,293,9,60,Centre,2063206,784029,,,,22,Rhizophora mucronata/Avicennia marina,4.96,12.40,2.65,2.09,602.07,24.08,318.11,12.72,920.18,36.81,301.04,12.04,124.06,4.96,437.14,17.49,24.00,2.67,,,,,,,,,,,,,,,,,,,,,,,,,,,16.86192449,24,,60,4.96,12.40,2.65,578.81,,,60,22,4.96,12.40,2.65,578.81,23.15,24,10.92555252,16.86192449,,,,,,,,,,,,,
,,12,31-1-2019,Plantation,1994,Dhunhi wala                                                                                                                               ,,9,60,SSU135,2063238,783993,,,,8,Rhizophora mucronata/Avicennia marina,5.10,30.50,3.60,3.49,555.79,22.23,295.73,11.83,851.52,34.06,277.89,11.12,115.33,4.61,404.34,16.17,24.00,2.47,,,,,,,,,,,,,,,,,,,,,,,,,,,15.74710566,24,,30,5.10,30.50,3.60,541.88,,,30,8,5.10,30.50,3.60,541.88,21.68,24,11.02023448,15.74710566,,,,,,,,,,,,,
,,12,31-1-2019,Plantation,1994,Dhunhi wala                                                                                                                               ,,9,30,SSU45,2063244,784062,,,,15,Rhizophora mucronata/Avicennia marina,3.79,10.67,2.96,2.97,255.14,10.21,161.91,6.48,417.05,16.68,127.57,5.10,63.14,2.53,195.82,7.83,24.00,1.19,,,,,,,,,,,,,,,,,,,,,,,,,,,7.307215999,24,,60,3.79,10.67,2.96,226.78,,,60,15,3.79,10.67,2.96,226.78,9.07,24,10.17877872,7.307215999,,,,,,,,,,,,,
,,14,31-1-2019,Plantation,1996,Khuddi,,9,10,SSU225,2066231,780066,,,,14,Rhizophora mucronata,2.46,,2.54,2.36,50.60,2.02,26.57,1.06,77.17,3.09,25.30,1.01,10.36,0.41,36.67,1.47,22.00,0.24,,,,,,,,,,,,,,,,,,,,,,,,,,,0.964878665,24,,50,2.46,,2.54,24.75,,,,,,,,,,,,,,,,,,50,14,2.46,,2.54,24.75,0.99,24
84,,14,31-1-2019,Plantation,1996,khuddi ,88,9,30,centre,2066268,780100,,,,9,Rhizophora mucronata,3.22,2.00,3.01,2.21,68.54,2.74,47.38,1.90,115.92,4.64,34.27,1.37,18.48,0.74,54.12,2.16,22.00,0.36,,,,,,,,,,,,,,,,,,,,,,,,,,,1.786201587,24,,50,3.22,2.00,3.01,47.63,,,,,,,,,,,,,,,,,,50,9,3.22,2.00,3.01,47.63,1.91,24
,,14,31-1-2019,Plantation,1996,Khuddi,,9,15,SSU135,2066305,780063,,,,15,Rhizophora mucronata/Avicennia marina,3.72,8.25,2.94,2.63,150.46,6.02,92.82,3.71,243.27,9.73,75.23,3.01,36.20,1.45,114.44,4.58,22.00,0.76,60.00,,,,,,,,,,,,,,,,,,,,,,,,,,4.136864415,23,,70,3.72,8.25,2.94,127.23,,,,,,,,,,,,,,,,,,70,15,3.72,8.25,2.94,127.23,5.09,23
,,14,31-1-2019,Plantation,1996,khuddi ,,6,80,SSU45,2066306,780134,biomas,,,10,Rhizophora mucronata/Avicennia marina,2.74,14.00,2.67,2.69,83.99,3.36,46.78,1.87,130.78,5.23,42.00,1.68,18.25,0.73,61.92,2.48,22.00,0.41,,,,,,,,,,,,,,,,,,,,,,,,,,,2.100028635,23,,26,2.74,14.00,2.67,64.92,,,,,,,,,,,,,,,,,,26,10,2.74,14.00,2.67,64.92,2.60,23
,,8,28-1-2019,Plantation,1997,Sugh,,9,70,SSU225,2066312,792578,,,,8,Rhizophora mucronata,2.92,,2.93,3.48,65.51,2.62,42.64,1.71,108.15,4.33,32.75,1.31,16.63,0.67,50.69,2.03,21.00,0.35,,,,,,,,,,,,,,,,,,,,,,,,,,,1.678512562,23,,15,2.92,,2.93,46.65,,,,,,,,,,,,,,,,,,15,8,2.92,,2.93,46.65,1.87,23
,,8,28-1-2019,Plantation,1997,Sugh,,9,80,SSU315,2066318,792645,,,,14,Rhizophora mucronata,2.06,,2.02,2.38,30.42,1.22,12.69,0.51,43.11,1.72,15.21,0.61,4.95,0.20,20.77,0.83,21.00,0.14,,,,,,,,,,,,,,,,,,,,,,,,,,,0.393735877,23,,50,2.06,,2.02,8.26,,,,,,,,,,,,,,,,,,50,14,2.06,,2.02,8.26,0.33,23
78,,8,28-1-2019,Plantation,1997,Sugh (P.qasim),214,9,95,Centre,2066352,792610,,,,8,Rhizophora mucronata,2.83,,2.41,2.01,31.79,1.27,19.45,0.78,51.25,2.05,15.90,0.64,7.59,0.30,24.12,0.96,21.00,0.17,,,,,,,,,,,,,,,,,,,,,,,,,,,0.666667609,23,,30,2.83,,2.41,16.01,,,,,,,,,,,,,,,,,,30,8,2.83,,2.41,16.01,0.64,23
,,8,28-1-2019,Plantation,1997,Sugh,,9,70,SSU135,2066386,792573,,,,14,Rhizophora mucronata/Avicennia marina/Ceriops tagal,4.83,9.50,1.77,1.97,193.25,7.73,104.25,4.17,297.50,11.90,96.63,3.87,40.66,1.63,141.15,5.65,21.00,0.98,9.00,,,,,,,,,,,,,,,,,,,,,,,,,,0.224790077,22,,30,4.83,9.50,1.77,7.50,,,,,,,,,,,,,,,,,,30,14,4.83,9.50,1.77,7.50,0.30,22
,,8,28-1-2019,Plantation,1997,Sugh,,9,80,SSU45,2066389,792644,,,,,regeneration of ceriops tagal ,,,,,,,,,,,,,,,,,,,,,,,,,,,,,,,,160,640,0.6,,,,,,,,,,,,,,80,,,,,,,,,,,,,,,,,,,,,,,,,,,,,
77,,7.1,28-1-2019,Plantation,1992,Suppli ,207,9,100,centre,2068854,788401,,,,,,,,,,,,,,,,,,,,,,,,,,,,,,,,,,,,,,,,,,,,,,,,,,,,,,,,,,,,,,,,,,,,,,,,,,,,,,,,,,
,,7,23/12/18,Plantation,,K.T BANDAR,,,60,SSU 225,2077875,732725,,,,4,Avicennia marina,3.0357,4.00,0.74,0.67,10.26,0.41,6.46,0.26,16.72,0.67,5.13,0.21,2.52,0.10,7.86,0.31,2018.00,0.00,,,,,,,,,,,,,,,,,,,,,,,,,,,0.314392026,22,,10,3.0357,4.00,0.74,10.26,,,,,,,,,,,,,,,,,,10,4,3.0357,4.00,0.74,10.26,0.41,22
,,7,23/11/18,Plantation,,K.T BANDAR,,,70,SSU 315,2077879,732791,,,,6,Avicennia marina,3.2687,4.50,0.80,0.90,20.66,0.83,12.66,0.51,33.33,1.33,10.33,0.41,4.94,0.20,15.68,0.63,2018.00,0.00,,,,,,,,,,,,,,,,,,,,,,,,,,,0.626519499,22,,15,3.2687,4.50,0.80,20.66,,,,,,,,,,,,,,,,,,15,6,3.2687,4.50,0.80,20.66,0.83,22
47,,7,23/11/18,Plantation,,K.T BANDAR,,,80,CENTER,2077911,732757,,,,15,Avicennia marina/Rhizophora mucronata,9.36,14.86,5.25,7.18,1061.65,42.47,554.20,22.17,1615.85,64.63,530.83,21.23,216.14,8.65,768.20,30.73,2018.00,0.06,,,,,,,,,,,,,,,,,,,,,,,,,,,30.33553875,9,,90,9.36,14.86,5.25,1059.39,,,90,15,9.36,14.86,5.25,1059.39,42.38,9,13.74377273,30.33553875,3.370615417,,,,,,,,,,,,
,,7,23/11/18,Plantation,,K.T BANDAR,,,50,SSU 135,2077946,732722,,,,17,Avicennia marina,15.13,23.47,5.60,5.68,2844.80,113.79,1425.77,57.03,4270.57,170.82,1422.40,56.90,556.05,22.24,2035.35,81.41,2018.00,0.15,,,,30.00,1.00,60.00,,,,,,,,,,,,,,,,,,,,,80.28675915,9,,80,15.13,23.47,5.60,2844.80,,,80,17,15.13,23.47,5.60,2844.80,113.79,9,17.43048696,80.28675915,8.920751016,,,,,,,,,,,,
,,7,23/11/18,Plantation,,K.T BANDAR,,,60,SSU 45,2077948,732791,,,,14,Avicennia marina/Rhizophora mucronata,5.40,9.57,3.56,4.09,326.30,13.05,186.58,7.46,512.87,20.51,163.15,6.53,72.77,2.91,242.44,9.70,2018.00,0.02,,,,,,,,,,,,,,,,,,,,,,,,,,,9.603972669,9,,75,5.40,9.57,3.56,324.27,,,75,14,5.40,9.57,3.56,324.27,12.97,9,11.20915204,9.603972669,1.067108074,,,,,,,,,,,,
103,,34,,Plantation,2014,K t Bandar,,,5,Center,2083385,726580,,,,10,Avicennia marina,7.66,13.90,3.89,4.65,654.59,26.18,357.11,14.28,1011.69,40.47,327.29,13.09,139.27,5.57,479.66,19.19,4.00,17.56,,,,,,,,,,,,,,,,,,,,,,,,,,,19.01986086,9,,80,7.66,13.90,3.89,654.59,,,80,10,7.66,13.90,3.89,654.59,26.18,9,12.65468147,19.01986086,2.113317873,,,,,,,,,,,,
,,,10/02/19,Plantation,2016,,,,50,ssu315,2086298,790097,,,,,,,,,,,,,,,,,,,,,,,,,,,,,,,,,,,,,,,,,,,,,,,,,,,,,,,,,0.00,,,,,,,,,,,,,,,,,,,,,,,,,
,,,10/02/19,Plantation,2016,,,,30,ssu225,2086393,790027,,,,42,Avicennia marina,3.31,4.60,1.43,1.15,142.57,5.70,87.23,3.49,229.80,9.19,71.28,2.85,34.02,1.36,108.15,4.33,2.00,7.92,,,,,,,,,,,,,,,,,,,,,,,,,,,4.259030771,3,,30,3.31,4.60,1.43,140.09,,,,,,,,,,,,,,,,,,30,42,3.31,4.60,1.43,140.09,5.60,3
110,,,10/02/19,Plantation,2016,,,,40,Center,2086430,790061,,,,44,Avicennia marina,2.86,3.61,0.90,0.83,77.69,3.11,49.79,1.99,127.49,5.10,38.85,1.55,19.42,0.78,59.82,2.39,2.00,4.38,,,,,,,,,,,,,,,,,,,,,,,,,,,2.996507195,3,,40,2.86,3.61,0.90,97.50,,,,,,,,,,,,,,,,,,40,44,2.86,3.61,0.90,97.50,3.90,3
,,,10/02/19,Plantation,2016,,,,30,ssu45,2086467,790094,,,,48,Avicennia marina,3.51,5.02,1.46,1.29,197.59,7.90,119.74,4.79,317.34,12.69,98.80,3.95,46.70,1.87,149.45,5.98,2.00,10.94,,,,,,,,,,,,,,,,,,,,,,,,,,,5.575777522,3,,45,3.51,5.02,1.46,183.94,,,,,,,,,,,,,,,,,,45,48,3.51,5.02,1.46,183.94,7.36,3
,,,10/02/19,Plantation,2016,,,,15,ssu135,2086470,790025,,,,33,Avicennia marina,3.67,5.36,1.48,1.35,147.53,5.90,89.59,3.58,237.12,9.48,73.76,2.95,34.94,1.40,111.66,4.47,2.00,8.17,,,,,,,,,,,,,,,,,,,,,,,,,,,4.090747414,3,,35,3.67,5.36,1.48,134.98,,,,,,,,,,,,,,,,,,35,33,3.67,5.36,1.48,134.98,5.40,3
,,,,Plantation,2017,,,,,ssu225,2086517,790969,,,,42,Avicennia marina,3.37,4.71,1.31,1.27,143.90,5.76,88.49,3.54,232.39,9.30,71.95,2.88,34.51,1.38,109.34,4.37,1.00,16.01,,,,,,,,,,,,,,,,,,,,,,,,,,,4.303941856,3,,40,3.37,4.71,1.31,141.47,,,,,,,,,,,,,,,,,,40,42,3.37,4.71,1.31,141.47,5.66,3
106,,,,Plantation,2017,,,,,ssu315,2086518,791040,,,,43,Avicennia marina,3.27,4.51,1.13,1.09,162.80,6.51,97.32,3.89,260.11,10.40,81.40,3.26,37.95,1.52,122.61,4.90,1.00,17.95,,,,,,,,,,,,,,,,,,,,,,,,,,,4.66589744,9,,50,3.27,4.51,1.13,154.27,,,,,,,,,,,,,,,,,,50,43,3.27,4.51,1.13,154.27,6.17,9
105,,,,Plantation,2017,,,,,Center,2086553,891003,,,,49,Avicennia marina,3.08,4.10,1.03,1.01,152.20,6.09,91.89,3.68,244.09,9.76,76.10,3.04,35.84,1.43,114.98,4.60,1.00,16.83,41.00,,,,,,,,,,,,,,,,,,,,,,,,,,4.605335886,9,,60,3.08,4.10,1.03,151.82,,,,,,,,,,,,,,,,,,60,49,3.08,4.10,1.03,151.82,6.07,9
,,,,Plantation,2017,,,,,ssu135,2086587,790965,,,,40,Avicennia marina,2.84,3.58,1.27,0.95,82.33,3.29,51.07,2.04,133.40,5.34,41.16,1.65,19.92,0.80,62.73,2.51,1.00,9.18,,,,,,,,,,,,,,,,,,,,,,,,,,,2.925770572,9,,60,2.84,3.58,1.27,95.69,,,,,,,,,,,,,,,,,,60,40,2.84,3.58,1.27,95.69,3.83,9
108,,,10/02/19,Plantation,,Bambur,,,,,2086589,790753,,,,29,Avicennia marina,2.88,3.66,1.37,1.25,70.62,2.82,42.88,1.72,113.50,4.54,35.31,1.41,16.72,0.67,53.45,2.14,2018.00,0.00,,,,,,,,,,,,,,,,,,,,,,,,,,,2.327180033,9,,15,2.88,3.66,1.37,76.44,,,,,,,,,,,,,,,,,,15,29,2.88,3.66,1.37,76.44,3.06,9
,,,,Plantation,2017,,,,,SSu45,2086590,791036,,,,21,Avicennia marina,2.33,2.48,0.62,0.62,14.44,0.58,9.49,0.38,23.93,0.96,7.22,0.29,3.70,0.15,11.21,0.45,1.00,1.64,,,,,,,,,,,,,,,,,,,,,,,,,,,0.917708089,9,,20,2.33,2.48,0.62,29.60,,,,,,,,,,,,,,,,,,20,21,2.33,2.48,0.62,29.60,1.18,9
109,,,,Plantation,,Bambur,,,,,2087425,792086,,,,17,Avicennia marina,3.97,6.00,1.90,2.25,100.69,4.03,59.92,2.40,160.61,6.42,50.35,2.01,23.37,0.93,75.73,3.03,2018.00,0.01,32.00,,,,,,,,,,,,,,,,,,,,,,,,,,2.605815699,10,,40,3.97,6.00,1.90,86.49,,,,,,,,,,,,,,,,,,40,17,3.97,6.00,1.90,86.49,3.46,10
102,,,09/02/19,Plantation,2018,,,,15,Center,2089913,791614,,,,12,Avicennia marina,3.66,5.33,1.85,1.83,52.19,2.09,31.80,1.27,83.99,3.36,26.09,1.04,12.40,0.50,39.54,1.58,0.00,#DIV/0!,,,,,,,,,,,,,,,,,,,,,,,,,,,1.458928857,10,,20,3.66,5.33,1.85,48.10,,,,,,,,,,,,,,,,,,20,12,3.66,5.33,1.85,48.10,1.92,10
,,19,04/02/19,Plantation,2008,Wadhyoon Wala,,,40,ssu225,2112908,727558,,,,15,Avicennia marina,3.53,5.07,1.16,1.20,62.78,2.51,38.00,1.52,100.79,4.03,31.39,1.26,14.82,0.59,47.47,1.90,10.00,0.69,,,,,,,,,,,,,,,,,,,,,,,,,,,1.766636911,10,,20,3.53,5.07,1.16,58.31,,,,,,,,,,,,,,,,,,20,15,3.53,5.07,1.16,58.31,2.33,10
,,19,04/02/19,Plantation,2008,Wadhyoon Wala,,,30,ssu315,2112911,727628,,,,21,Avicennia marina,3.61,5.24,1.21,1.39,98.46,3.94,58.97,2.36,157.44,6.30,49.23,1.97,23.00,0.92,74.20,2.97,10.00,1.09,,,,,,,,,,,,,,,,,,,,,,,,,,,2.682386218,10,,40,3.61,5.24,1.21,88.79,,,,,,,,,,,,,,,,,,40,21,3.61,5.24,1.21,88.79,3.55,10
,,19,04/02/19,Plantation,2008,Wadhyoon Wala,,,20,ssu135,2112978,727556,,,,27,Avicennia marina,2.10,2.00,0.70,0.50,5.93,0.24,4.29,0.17,10.23,0.41,2.97,0.12,1.67,0.07,4.76,0.19,10.00,0.07,,,,,,,,,,,,,,,,,,,,,,,,,,,0.896967766,10,,30,2.10,2.00,0.70,28.70,,,,,,,,,,,,,,,,,,30,27,2.10,2.00,0.70,28.70,1.15,10
,,19,04/02/19,Plantation,2008,Wadhyoon Wala,,,20,ssu45,2112981,727626,,,,31,Avicennia marina,2.86,3.61,1.79,1.00,60.59,2.42,38.10,1.52,98.69,3.95,30.29,1.21,14.86,0.59,46.36,1.85,10.00,0.68,18.00,,,,,,,,,,,,,,,,,,,,,,,,,,2.211162244,1,,30,2.86,3.61,1.79,72.14,,,,,,,,,,,,,,,,,,30,31,2.86,3.61,1.79,72.14,2.89,1
,,18,04/02/19,Plantation,2009,Wadhyoon Wala,,,15,SSU 225,2113972,727696,,,,19,Avicennia marina,2.72,3.32,0.66,0.86,26.71,1.07,17.36,0.69,44.07,1.76,13.35,0.53,6.77,0.27,20.66,0.83,9.00,0.34,,,,,,,,,,,,,,,,,,,,,,,,,,,1.147677183,1,,20,2.72,3.32,0.66,37.24,,,,,,,,,,,,,,,,,,20,19,2.72,3.32,0.66,37.24,1.49,1
,,18,04/02/19,Plantation,2009,Wadhyoon Wala,,,20,SSU 315,2113975,727764,,,,31,Avicennia marina,2.54,2.94,0.94,0.94,33.27,1.33,21.73,0.87,55.00,2.20,16.64,0.67,8.47,0.34,25.78,1.03,9.00,0.42,,,,,,,,,,,,,,,,,,,,,,,,,,,1.634356121,1,,20,2.54,2.94,0.94,52.90,,,,,,,,,,,,,,,,,,20,31,2.54,2.94,0.94,52.90,2.12,1
87,,18,04/02/19,Plantation,2009,Wadhyoon Wala,,,50,Center,2114008,727728,,,,44,Avicennia marina,2.51,2.86,1.19,1.00,44.19,1.77,28.93,1.16,73.12,2.92,22.10,0.88,11.28,0.45,34.26,1.37,9.00,0.56,,,,,,,,,,,,,,,,,,,,,,,,,,,2.251332184,1,,20,2.51,2.86,1.19,72.83,,,,,,,,,,,,,,,,,,20,44,2.51,2.86,1.19,72.83,2.91,1
,,18,04/02/19,Plantation,2009,Wadhyoon Wala,,,60,SSU 135,2114041,727691,,,,26,Avicennia marina,2.73,3.35,1.27,1.00,38.38,1.54,24.78,0.99,63.16,2.53,19.19,0.77,9.67,0.39,29.62,1.18,9.00,0.48,,,,,,,,,,,,,,,,,,,,,,,,,,,1.605745593,1,,20,2.73,3.35,1.27,52.14,,,,,,,,,,,,,,,,,,20,26,2.73,3.35,1.27,52.14,2.09,1
,,18,04/02/19,Plantation,2009,Wadhyoon Wala,,,60,SSU 45,2114045,727761,,,,33,Rhizophera,4.85,#DIV/0!,1.39,1.46,175.55,7.02,192.04,7.68,367.59,14.70,87.78,3.51,74.89,3.00,166.18,6.65,9.00,2.70,,,,,,,,,,,,,,,,,,,,,,,,,,,6.165336139,8,,90,4.85,#DIV/0!,1.39,135.91,,,,,,,,,,,,,,,,,,90,33,4.85,,1.39,135.91,5.44,8
,,30,,Plantation,2011,Creek Mian Laal,,,60,SSU225,2116965,716707,,,,78,Rhizophera,2.64,,1.50,0.65,206.49,8.26,109.27,4.37,315.76,12.63,103.24,4.13,42.61,1.70,149.99,6.00,7.00,3.14,,,,,,,,,,,,,,,,,,,,,,,,,,,3.14076072,8,,70,2.64,,1.50,57.79,,,,,,,,,,,,,,,,,,70,78,2.64,,1.50,57.79,2.31,8
,,30,,Plantation,2011,Creek Mian Laal,,,40,SSU315,2116967,716778,,,,,,,,,,,,,,,,,,,,,,,,,,,,,,,,,,,,,,,,,,,,,,,,,,,8,,80,,,,0.00,,,,,,,,,,,,,,,,,,,,,,,,,8
,,30,,Plantation,2011,Creek Mian Laal,,,50,SSU135,2117036,716704,,,,42,Rhizophera,3.86,,1.13,1.16,170.97,6.84,131.68,5.27,302.65,12.11,85.48,3.42,51.36,2.05,140.26,5.61,7.00,2.93,,,,,,,,,,,,,,,,,,,,,,,,,,,3.975573381,8,,90,3.86,,1.13,79.78,,,,,,,,,,,,,,,,,,90,42,3.86,,1.13,79.78,3.19,8
,,30,,Plantation,2011,Creek Mian Laal,,,50,SSU45,2117040,716775,,,,31,Rhizophera,4.00,,1.64,1.00,132.62,5.30,123.64,4.95,256.26,10.25,66.31,2.65,48.22,1.93,117.18,4.69,7.00,2.45,,,,,,,,,,,,,,,,,,,,,,,,,,,3.906840553,8,,,4.00,,1.64,84.17,,,,,,,,,,,,,,,,,,,31,4.00,,1.64,84.17,3.37,8
,,31,,Plantation,2010,Creek Mian Laal,,,20,SSU225,2118963,718363,,,,31,"Avecenia,Rhizophera",2.87,3.62,1.98,1.95,62.09,2.48,38.40,1.54,100.50,4.02,31.05,1.24,14.98,0.60,47.27,1.89,8.00,0.86,,,,,,,,,,,,,,,,,,,,,,,,,,,2.139292959,22,,60,2.87,3.62,1.98,67.73,,,,,,,,,,,,,,,,,,60,31,2.87,3.62,1.98,67.73,2.71,22
,,31,,Plantation,2010,Creek Mian Laal,,,30,SSU315,2118967,718433,,,,29,Avecinia,2.76,3.41,1.84,1.79,47.73,1.91,30.37,1.21,78.10,3.12,23.87,0.95,11.85,0.47,36.67,1.47,8.00,0.67,90.00,,,,,,,,,,,,,,,,,,,,,,,,,,1.888884,22,,50,2.76,3.41,1.84,61.49,,,,,,,,,,,,,,,,,,50,29,2.76,3.41,1.84,61.49,2.46,22
99,,31,,Plantation,2010,Creek Mian Laal,,,30,Center,2119000,718397,,,,29,Avecinia,2.86,2.18,1.55,1.78,65.03,2.60,39.66,1.59,104.69,4.19,32.51,1.30,15.47,0.62,49.28,1.97,8.00,0.90,150.00,,,,,,,,,,,,,,,,,,,,,,,,,,1.471952973,22,,50,2.86,2.18,1.55,32.98,,,,,,,,,,,,,,,,,,50,29,2.86,2.18,1.55,32.98,1.32,22
,,31,,Plantation,2010,Creek Mian Laal,,,30,SSU135,2119033,718360,,,,34,Avecinia,3.09,3.20,1.49,1.42,83.40,3.34,48.74,1.95,132.14,5.29,41.70,1.67,19.01,0.76,62.37,2.49,8.00,1.14,,,,,,,,,,,,,,,,,,,,,,,,,,,1.572668184,22,,60,3.09,3.20,1.49,33.07,,,,,,,,,,,,,,,,,,60,34,3.09,3.20,1.49,33.07,1.32,22
,,31,,Plantation,2010,Creek Mian Laal,,,20,SSU45,2119036,718430,,,,55,Avecinia,2.81,4.00,2.05,1.84,151.92,6.08,80.64,3.23,232.56,9.30,75.96,3.04,31.45,1.26,110.45,4.42,8.00,2.02,101.00,,,,,,,,,,,,,,,,,,,,,,,,,,2.650874321,22,,70,2.81,4.00,2.05,59.35,,,,,,,,,,,,,,,,,,70,55,2.81,4.00,2.05,59.35,2.37,22
,,29,,Plantation,2007,Creek Cabin Wala,,,70,SSU225,2121348,727583,,,,14,"Avecenia,Rhizophera",2.98,12.00,1.54,1.13,57.50,2.30,29.93,1.20,87.42,3.50,28.75,1.15,11.67,0.47,41.57,1.66,11.00,0.55,240.00,,,,,,,,,,,,,,,,,,,,,,,,,,0.980144765,21,,40,2.98,12.00,1.54,25.34,,,,,,,,,,,,,,,,,,40,14,2.98,12.00,1.54,25.34,1.01,21
,,29,,Plantation,2007,Creek Cabin Wala,,,30,SSU315,2121352,727654,,,,13,"Avecenia,Rhizophera",3.04,5.00,1.39,1.11,45.22,1.81,24.77,0.99,69.99,2.80,22.61,0.90,9.66,0.39,33.18,1.33,11.00,0.44,42.00,,,,,,,,,,,,,,,,,,,,,,,,,,1.024664851,21,,30,3.04,5.00,1.39,31.00,,,,,,,,,,,,,,,,,,30,13,3.04,5.00,1.39,31.00,1.24,21
97,,29,,Plantation,2007,Creek Cabin Wala,,,30,Center,2121386,727618,,,,13,"Avecenia,Rhizophera",2.59,4.00,1.78,1.53,29.28,1.17,13.83,0.55,43.11,1.72,14.64,0.59,5.39,0.22,20.62,0.82,11.00,0.27,49.00,,,,,,,,,,,,,,,,,,,,,,,,,,0.456883657,21,,20,2.59,4.00,1.78,10.23,,,,,,,,,,,,,,,,,,20,13,2.59,4.00,1.78,10.23,0.41,21
,,29,,Plantation,2007,Creek Cabin Wala,,,30,SSU135,2121418,727581,,,,18,"Avecenia,Rhizophera",3.33,5.00,1.78,1.68,71.47,2.86,41.56,1.66,113.04,4.52,35.74,1.43,16.21,0.65,53.38,2.14,11.00,0.71,22.50,,,,,,,,,,,,,,,,,,,,,,,,,,1.745601016,21,,30,3.33,5.00,1.78,53.61,,,,,,,,,,,,,,,,,,30,18,3.33,5.00,1.78,53.61,2.14,21
,,29,,Plantation,2007,Creek Cabin Wala,,,80,SSU45,2121424,727651,,,,67,"Avecenia,Rhizophera",2.65,3.20,0.83,1.08,119.08,4.76,71.84,2.87,190.92,7.64,59.54,2.38,28.02,1.12,89.94,3.60,11.00,1.20,17.00,,,,,,,,,,,,,,,,,,,,,,,,,,4.308255204,21,,40,2.65,3.20,0.83,139.65,,,,,,,,,,,,,,,,,,40,67,2.65,3.20,0.83,139.65,5.59,21
96,,28,06/02/19,Plantation,1999,Creek Cabin  Wala,,,100,Center,2121488,727068,,,,27,"Avecenia,Rhizophera",2.71,3.81,1.39,1.23,66.83,2.67,36.75,1.47,103.58,4.14,33.41,1.34,14.33,0.57,49.08,1.96,19.00,0.38,88.50,,,,,,,,,,,,,,,,,,,,,,,,,,1.639651666,20,,80,2.71,3.81,1.39,48.90,,,,,,,,,,,,,,,,,,80,27,2.71,3.81,1.39,48.90,1.96,20
,,27,06/02/19,Plantation,2006,Creek Cabin wala,,,66,ssu225,2122403,728965,,,,24,"Avecenia,Rhizophera",3.89,5.50,2.44,1.49,101.20,4.05,69.19,2.77,170.39,6.82,50.60,2.02,26.98,1.08,79.61,3.18,12.00,0.97,,,,,,,,,,,,,,,,,,,,,,,,,,,2.129830913,20,,75,3.89,5.50,2.44,44.85,,,,,,,,,,,,,,,,,,75,24,3.89,5.50,2.44,44.85,1.79,20
,,27,06/02/19,Plantation,2006,Creek Cabin wala,,,65,ssu315,2122407,729036,,,,28,rhizophera,4.00,#DIV/0!,1.79,1.58,103.73,4.15,77.64,3.11,181.37,7.25,51.86,2.07,30.28,1.21,84.22,3.37,12.00,1.03,84.00,,,,,,,,,,,,,,,,,,,,,,,,,,2.311766066,20,,65,4.00,#DIV/0!,1.79,45.33,,,,,,,,,,,,,,,,,,65,28,4.00,,1.79,45.33,1.81,20
111,,27,06/02/19,Plantation,2006,Creek Cabin wala,,,60,center,2122441,729000,,,,35,"Avecenia,Rhizophera",3.30,3.85,1.65,1.33,110.35,4.41,70.57,2.82,180.92,7.24,55.17,2.21,27.52,1.10,84.90,3.40,12.00,1.04,205.00,,,,,,,,,,,,,,,,,,,,,,,,,,2.542494272,20,,70,3.30,3.85,1.65,62.44,,,,,,,,,,,,,,,,,,70,35,3.30,3.85,1.65,62.44,2.50,20
,,27,06/02/19,Plantation,2006,Creek Cabin wala,,,70,ssu135,2122474,728962,,,,47,"Avecenia,Rhizophera",2.84,2.79,1.30,1.46,116.71,4.67,65.80,2.63,182.51,7.30,58.35,2.33,25.66,1.03,86.35,3.45,12.00,1.05,148.00,,,,,,,,,,,,,,,,,,,,,,,,,,2.302088859,20,,80,2.84,2.79,1.30,52.18,,,,,,,,,,,,,,,,,,80,47,2.84,2.79,1.30,52.18,2.09,20
,,27,06/02/19,Plantation,2006,Creek Cabin wala,,,50,ssu45,2122480,729033,,,,15,"Avecenia,Rhizophera",3.40,#DIV/0!,1.81,1.10,55.42,2.22,32.96,1.32,88.38,3.54,27.71,1.11,12.85,0.51,41.67,1.67,12.00,0.51,29.00,,,,,,,,,,,,,,,,,,,,,,,,,,1.146962917,19,,40,3.40,#DIV/0!,1.81,28.05,,,,,,,,,,,,,,,,,,40,15,3.40,,1.81,28.05,1.12,19
,,21,04/02/19,Plantation,2010,Creek Cabil wala,,,90,ssu225,2122982,729148,,,,15,"Avecenia,Rhizophera",4.87,#DIV/0!,2.09,2.87,111.74,4.47,73.18,2.93,184.91,7.40,55.87,2.23,28.54,1.14,86.64,3.47,8.00,1.59,16.00,,,,,,,,,,,,,,,,,,,,,,,,,,3.098429073,19,,30,4.87,#DIV/0!,2.09,91.63,,,,,,,,,,,,,,,,,,30,15,4.87,,2.09,91.63,3.67,19
,,21,04/02/19,Plantation,2010,Creek Cabil wala,,,,SSU315,2122984,729219,,,,7,"Avecenia,Rhizophera",3.77,5.75,1.83,1.99,32.50,1.30,20.06,0.80,52.56,2.10,16.25,0.65,7.82,0.31,24.73,0.99,8.00,0.45,9.00,,,,,,,,,,,,,,,,,,,,,,,,,,0.775938916,19,,20,3.77,5.75,1.83,22.61,,,,,,,,,,,,,,,,,,20,7,3.77,5.75,1.83,22.61,0.90,19
91,,21,04/02/19,Plantation,2010,Creek Cabil wala,,,90,Center,2123018,729181,,,,13,"Avecenia,Rhizophera",4.46,5.50,2.31,1.92,65.81,2.63,52.78,2.11,118.59,4.74,32.91,1.32,20.58,0.82,54.81,2.19,8.00,1.00,11.00,,,,,,,,,,,,,,,,,,,,,,,,,,1.778991122,19,,30,4.46,5.50,2.31,42.94,,,,,,,,,,,,,,,,,,30,13,4.46,5.50,2.31,42.94,1.72,19
,,21,04/02/19,Plantation,2010,Creek Cabil wala,1.025Kg,,80,ssu135,2123052,729144,,,,14,"Avecenia,Rhizophera",4.34,6.40,1.80,2.10,103.35,4.13,61.69,2.47,165.05,6.60,51.68,2.07,24.06,0.96,77.80,3.11,8.00,1.42,42.00,,,,,,,,,,,,,,,,,,,,,,,,,,2.716225639,19,,30,4.34,6.40,1.80,87.30,,,,,,,,,,,,,,,,,,30,14,4.34,6.40,1.80,87.30,3.49,19
,,21,04/02/19,Plantation,2010,Creek Cabil wala,,,70,ssu45,2123057,729216,,,,221,rhizophera,4.03,,4.00,,944.32,37.77,729.07,29.16,1673.39,66.94,472.16,18.89,284.34,11.37,775.38,31.02,8.00,14.19,,,,,,,,,,,,,,,,,,,,,,,,,,,21.87521446,19,,100,4.03,,4.00,434.51,,,100,221,4.03,,4.00,434.51,17.38,19,10.33504932,21.87521446,1.151327077,,,,,,,,,,,,
107,,,03/02/19,Plantation,,Creek Jahani Shah,,,,,2125475,731000,,,,27,"Avecinia,Rhizophora",2.68,4.00,1.71,1.49,73.74,2.95,37.00,1.48,110.74,4.43,36.87,1.47,14.43,0.58,52.78,2.11,2018.00,0.00,21.00,,,,,,,,,,,,,,,,,,,,,,,,,,1.415844864,11,,30,2.68,4.00,1.71,38.17,,,,,,,,,,,,,,,,,,30,27,2.68,4.00,1.71,38.17,1.53,11
,,16,03/02/19,Plantation,2014,Bhatti Goth,,,30,SSU225,2125493,731376,,,,48,"Avecinia,Rhizophora",2.56,5.33,1.59,0.80,129.30,5.17,60.83,2.43,190.14,7.61,64.65,2.59,23.73,0.95,90.96,3.64,4.00,3.33,,,,,,,,,,,,,,,,,,,,,,,,,,,1.997716329,11,,80,2.56,5.33,1.59,47.18,,,,,,,,,,,,,,,,,,80,48,2.56,5.33,1.59,47.18,1.89,11
,,16,03/02/19,Plantation,2014,Bhatti Goth,0.3 kg,,,ssu315,2125497,731448,,,,13,"Avecinia,Rhizophora",4.07,5.33,1.95,2.02,59.35,2.37,49.81,1.99,109.16,4.37,29.68,1.19,19.42,0.78,50.29,2.01,4.00,1.84,13.00,,,,,,,,,,,,,,,,,,,,,,,,,,1.668044787,11,,30,4.07,5.33,1.95,39.67,,,,,,,,,,,,,,,,,,30,13,4.07,5.33,1.95,39.67,1.59,11
100,,16,03/02/19,Plantation,2014,Bhatti Goth,,,,Center,2125530,731411,,,,23,"Avecinia,Rhizophora",2.51,3.17,1.52,0.61,32.10,1.28,17.88,0.72,49.98,2.00,16.05,0.64,6.97,0.28,23.67,0.95,4.00,0.87,25.00,,,,,,,,,,,,,,,,,,,,,,,,,,1.110889048,11,,70,2.51,3.17,1.52,34.60,,,,,,,,,,,,,,,,,,70,23,2.51,3.17,1.52,34.60,1.38,11
,,16,03/02/19,Plantation,2014,Bhatti Goth,,,,SSU135,2125564,731374,,,,,,3.29,5.18,1.80,2.02,91.87,3.67,52.76,2.11,144.63,5.79,45.93,1.84,20.58,0.82,68.35,2.73,4.00,2.50,5.00,,,,,,,,,,,,,,,,,,,,,,,,,,2.315871245,11,,30,3.29,5.18,1.80,74.67,,,,,,,,,,,,,,,,,,30,,3.29,5.18,1.80,74.67,2.99,11
,,16,03/02/19,Plantation,2014,Bhatti Goth,,,,SSU45,2125567,731445,,,,14,Avecinia,4.27,6.64,1.74,2.16,106.88,4.28,62.50,2.50,169.38,6.78,53.44,2.14,24.38,0.98,79.95,3.20,4.00,2.93,26.00,,,,,,,,,,,,,,,,,,,,,,,,,,2.625679668,7,,60,4.27,6.64,1.74,87.62,,,,,,,,,,,,,,,,,,60,14,4.27,6.64,1.74,87.62,3.50,7
,,17,03/02/19,Plantation,2015,Jain Shah Creek,,,35,SSU 225,2125828,732054,,,,18,Avecinia,3.22,4.39,1.03,1.25,53.19,2.13,32.90,1.32,86.09,3.44,26.59,1.06,12.83,0.51,40.49,1.62,3.00,1.98,19.00,,,,,,,,,,,,,,,,,,,,,,,,,,1.669343945,7,,50,3.22,4.39,1.03,54.77,,,,,,,,,,,,,,,,,,50,18,3.22,4.39,1.03,54.77,2.19,7
,,17,03/02/19,Plantation,2015,Jain Shah Creek,,,40,SSU 315,2125833,732118,,,,14,Avecinia,3.63,5.29,1.29,1.37,61.63,2.47,37.38,1.50,99.01,3.96,30.82,1.23,14.58,0.58,46.62,1.86,3.00,2.28,19.00,,,,,,,,,,,,,,,,,,,,,,,,,,1.715393805,7,,50,3.63,5.29,1.29,56.62,,,,,,,,,,,,,,,,,,50,14,3.63,5.29,1.29,56.62,2.26,7
86,,17,03/02/19,Plantation,2015,Jain Shah Creek,,,30,Center,2125868,732086,,,,13,Avecinia,4.15,6.38,1.63,2.52,106.89,4.28,61.05,2.44,167.94,6.72,53.45,2.14,23.81,0.95,79.39,3.18,3.00,3.87,,,,,,,,,,,,,,,,,,,,,,,,,,,2.61192226,7,,60,4.15,6.38,1.63,87.80,,,,,,,,,,,,,,,,,,60,13,4.15,6.38,1.63,87.80,3.51,7
,,17,03/02/19,Plantation,2015,Jain Shah Creek,,,45,SSU 135,2125900,732048,,,,14,Avecinia,3.57,5.14,2.13,2.16,60.60,2.42,36.62,1.46,97.22,3.89,30.30,1.21,14.28,0.57,45.79,1.83,3.00,2.23,21.00,,,,,,,,,,,,,,,,,,,,,,,,,,1.688973418,7,,40,3.57,5.14,2.13,55.78,,,,,,,,,,,,,,,,,,40,14,3.57,5.14,2.13,55.78,2.23,7
,,17,03/02/19,Plantation,2015,Jain Shah Creek,,,40,SSU 45,2125905,732117,,,,9,Avecinia,2.83,3.56,0.46,0.49,16.66,0.67,10.52,0.42,27.19,1.09,8.33,0.33,4.10,0.16,12.77,0.51,3.00,0.62,,,,,,,,,,,,,,,,,,,,,,,,,,,0.623962921,8,,30,2.83,3.56,0.46,20.34,,,,,,,,,,,,,,,,,,30,9,2.83,3.56,0.46,20.34,0.81,8
,,22,04/02/19,Plantation,2017,Creeck Jahania Shah,,,20,ssu225,2126323,733031,,,,20,Avecinia,2.27,2.35,0.55,0.80,10.80,0.43,7.25,0.29,18.05,0.72,5.40,0.22,2.83,0.11,8.44,0.34,1.00,1.24,,,,,,,,,,,,,,,,,,,,,,,,,,,0.810692823,8,,20,2.27,2.35,0.55,26.09,,,,,,,,,,,,,,,,,,20,20,2.27,2.35,0.55,26.09,1.04,8
,,22,04/02/19,Plantation,2017,Creeck Jahania Shah,,,20,ssu315,2126327,733102,,,,21,Avecinia,2.95,3.81,1.22,0.96,41.94,1.68,26.72,1.07,68.66,2.75,20.97,0.84,10.42,0.42,32.23,1.29,1.00,4.72,18.00,,,,,,,,,,,,,,,,,,,,,,,,,,1.534437986,8,,30,2.95,3.81,1.22,50.00,,,,,,,,,,,,,,,,,,30,21,2.95,3.81,1.22,50.00,2.00,8
90,,22,04/02/19,Plantation,2017,Creeck Jahania Shah,,,30,Center,2126360,733064,,,,17,Avecinia,2.82,3.53,0.88,0.88,28.03,1.12,18.06,0.72,46.08,1.84,14.01,0.56,7.04,0.28,21.62,0.86,1.00,3.16,,,,,,,,,,,,,,,,,,,,,,,,,,,1.116198926,8,,20,2.82,3.53,0.88,36.28,,,,,,,,,,,,,,,,,,20,17,2.82,3.53,0.88,36.28,1.45,8
,,22,04/02/19,Plantation,2017,Creeck Jahania Shah,,,20,ssu135,2126393,733027,,,,16,Avecinia,3.91,5.88,0.76,0.55,86.80,3.47,52.16,2.09,138.96,5.56,43.40,1.74,20.34,0.81,65.48,2.62,1.00,9.59,,,,,,,,,,,,,,,,,,,,,,,,,,,2.294286914,8,,30,3.91,5.88,0.76,75.95,,,,,,,,,,,,,,,,,,30,16,3.91,5.88,0.76,75.95,3.04,8
,,22,04/02/19,Plantation,2017,Creeck Jahania Shah,,,20,ssu45,2126398,733097,,,,49,Avecinia,2.97,3.86,1.28,,111.81,4.47,69.76,2.79,181.56,7.26,55.90,2.24,27.21,1.09,85.35,3.41,1.00,12.49,100.00,,,,,,,,,,,,,,,,,,,,,,,,,,3.839053645,4,,,2.97,3.86,1.28,125.56,,,,,,,,,,,,,,,,,,,49,2.97,3.86,1.28,125.56,5.02,4
,,23,05/02/19,Plantation,1996,Creek Raisan Wala,,,60,SSU225,2132032,718908,,,,22,Avecinia,3.15,4.25,,,203.38,8.14,122.86,4.91,326.24,13.05,101.69,4.07,47.91,1.92,153.67,6.15,22.00,1.02,112.00,,,,,,,,,,,,,,,,,,,,,,,,,,6.38416848,4,,,3.15,4.25,,210.34,,,22,3.15,4.25,,,,4,4,10.47760311,6.38416848,1.59604212,,,,,,,,,,,,
,,23,05/02/19,Plantation,1996,Creek Raisan Wala,,,70,ssu315,2132035,718978,,,,,,,,,,,,,,,,,,,,,,22.00,,70.00,,,,,,,,,,,,,,,,,,,,,,,,,,,,,,,,,0.00,,,,,,,,,,,,,,,,,,,1,,,,,,
92,,23,05/02/19,Plantation,1996,Creek Raisan Wala,,,60,Center,2132069,718942,,,,55,Avecinia,3.62,5.25,1.33,1.76,295.35,11.81,172.57,6.90,467.92,18.72,147.67,5.91,67.30,2.69,220.88,8.84,22.00,1.47,,,,,,,,,,,,,,,,,,,,,,,,,,,7.814890963,4,,30,3.62,5.25,1.33,260.55,,,30,55,3.62,5.25,1.33,260.55,10.42,4,10.07206941,7.814890963,1.953722741,,,,,,,,,,,,
,,23,05/02/19,Plantation,1996,Creek Raisan Wala,,,50,ssu135,2132102,718906,,,,1,Avecinia,7.6957,14.00,2.80,4.00,30.6661,1.23,16.8132,0.67,47.48,1.90,15.33,0.61,6.56,0.26,22.50,0.90,22.00,0.15,20.00,,,,,,,,,,,,,,,,,,,,,,,,,,0.658010205,4,,,7.6957,14.00,2.80,22.47,,,,,,,,,,,,,,,,,,,1,7.6957,14.00,2.80,22.47,0.90,4
,,23,05/02/19,Plantation,1996,Creek Raisan Wala,,,50,ssu45,2132106,718976,,,,24,"Avecinia,Rhizophora",1.00,1.00,0.37,0.15,9.88,0.40,3.24,0.13,13.12,0.52,4.94,0.20,1.26,0.05,6.40,0.26,,,,,,,,,,,,,,,,,,,,,,,,,,,,,0.123013119,1,,15,1.00,1.00,0.37,3.30,,,,,,,,,,,,,,,,,,15,24,1.00,1.00,0.37,3.30,0.13,1
,,24,05/02/19,Plantation,1997,Greek Raisana wala,,,30,ssu225,2132646,717973,,,,,,1.1717,,,,,,,,,,,,,,,,,,,,,,,,,,,,,,,,,,,,,,,,,,,,0.008654343,1,,,1.1717,,,0.27,,,,,,,,,,,,,,,,,,,,,,,,,1
,,24,05/02/19,Plantation,1997,Greek Raisana wala,,,40,ssu315,2132647,718046,,,,20,Rhizophera,2.00,2.00,0.60,2.00,38.16,1.53,12.59,0.50,50.74,2.03,19.08,0.76,4.91,0.20,24.75,0.99,21.00,0.17,,,,,,,,,,,,,,,,,,,,,,,,,,,0.336750531,4,,<5,2.00,2.00,0.60,5.32,,,,,,,,,,,,,,,,,,<5,20,2.00,2.00,0.60,5.32,0.21,4
93,,24,05/02/19,Plantation,1997,Greek Raisana wala,,,40,Center,2132682,718008,,,,,,,,,,,,,,,,,,,,,,,,,,,,,,,,,,,,,,,,,,,,,,,,,,,,,,,,,0.00,,,,,,,,,,,,,,,,,,,,,,,,,
,,24,05/02/19,Plantation,1997,Greek Raisana wala,,,20,ssu135,2132715,717971,,,,,,2.19,2.19,0.39,0.54,19.62,0.78,12.83,0.51,32.44,1.30,9.81,0.39,5.00,0.20,15.20,0.61,21.00,0.11,,,,,,,,,,,,,,,,,,,,,,,,,,,0.609959913,4,,10,2.19,2.19,0.39,19.62,,,,,,,,,,,,,,,,,,10,,2.19,2.19,0.39,19.62,0.78,4
,,24,05/02/19,Plantation,1997,Greek Raisana wala,,,30,ssu45,2132717,718042,,,,,,,,,,,,,,,,,,,,,,,,,,,,,,,,,,,,,,,,,,,,,,,,,,,,,,,,,0.00,,,,,,,,,,,,,,,,,,,,,,,,,
,,26,05/02/19,Plantation,1999,Creek Raisan Wala,,,30,ssu225,2133142,716928,,,,26,Avecinia,3.68,3.69,0.78,0.71,105.60,4.22,64.72,2.59,170.32,6.81,52.80,2.11,25.24,1.01,80.15,3.21,19.00,0.62,,,,,,,,,,,,,,,,,,,,,,,,,,,3.201975545,1,,,3.68,3.69,0.78,105.60,,,,,,,,,,,,,,,,,,,26,3.68,3.69,0.78,105.60,4.22,1
,,26,05/02/19,Plantation,1999,Creek Raisan Wala,,,30,ssu315,2133146,717000,,,,9,Avecinia,3.56,3.58,0.55,0.50,177.46,7.10,108.91,4.36,286.37,11.45,88.73,3.55,42.48,1.70,134.75,5.39,19.00,1.04,,,,,,,,,,,,,,,,,,,,,,,,,,,5.383810833,1,,,3.56,3.58,0.55,177.46,,,,,,,,,,,,,,,,,,,9,3.56,3.58,0.55,177.46,7.10,1
95,,26,05/02/19,Plantation,1999,Creek Raisan Wala,,,40,center,2133179,716963,,,,15,Avecinia,3.00,3.00,0.50,0.50,36.74,1.47,23.23,0.93,59.97,2.40,18.37,0.73,9.06,0.36,28.16,1.13,19.00,0.22,,,,,,,,,,,,,,,,,,,,,,,,,,,1.1274032,1,,,3.00,3.00,0.50,36.74,,,,,,,,,,,,,,,,,,,15,3.00,3.00,0.50,36.74,1.47,1
,,26,05/02/19,Plantation,1999,Creek Raisan Wala,,,20,ssu135,2133213,716925,,,,14,Avecinia,4.00,4.00,0.50,0.50,67.47,2.70,41.05,1.64,108.53,4.34,33.74,1.35,16.01,0.64,51.10,2.04,19.00,0.39,,,,,,,,,,,,,,,,,,,,,,,,,,,2.040280514,1,,,4.00,4.00,0.50,67.47,,,,,,,,,,,,,,,,,,,14,4.00,4.00,0.50,67.47,2.70,1
,,26,05/02/19,Plantation,1999,Creek Raisan Wala,,,30,ssu45,2133216,716995,,,,,,,,,,,,,,,,,,,,,,,,,,,,,,,,,,,,,,,,,,,,,,,,,,,,,,,,,0.00,,,,,,,,,,,,,,,,,,,,,,,,,
,,25,05/02/19,Plantation,1998,Creek rasian wala,,,70,ssu225,2133461,717446,,,,,,,,,,,,,,,,,,,,,,,,,,,,,,365,1.105,,,,,,,,,,,,,,,,,,,,,,,,,,0.00,,,,,,,,,,,,,,,,,,,,,,,,,
,,25,05/02/19,Plantation,1998,Creek rasian wala,,,80,ssu315,2133465,717515,,,,,,,,,,,,,,,,,,,,,,,,,,,,,,335,,,,,,,,,,,,,,,,,,,,,,,,,,,0.00,,,,,,,,,,,,,,,,,,,,,,,,,
94,,25,05/02/19,Plantation,1998,Creek rasian wala,,,80,center,2133498,717480,,,,,,,,,,,,,,,,,,,,,,,,,,,,,,375,,,,,,,,,,,,,,,,,,,,,,,,,,,0.00,,,,,,,,,,,,,,,,,,,,,,,,,
,,25,05/02/19,Plantation,1998,Creek rasian wala,,,65,ssu135,2133533,717443,,,,36,Avecinia,3.25,3.61,0.98,1.39,129.02,5.16,78.62,3.14,207.63,8.31,64.51,2.58,30.66,1.23,97.75,3.91,20.00,0.72,,,,,,,,,,,,,,,,,,,,,,,,,,,3.66909554,2,,40,3.25,3.61,0.98,120.93,,,,,,,,,,,,,,,,,,40,36,3.25,3.61,0.98,120.93,4.84,2
,,25,05/02/19,Plantation,1998,Creek rasian wala,,,75,ssu45,2133534,717512,,,,23,Avecinia,2.00,2.00,0.40,0.50,21.71,0.87,14.48,0.58,36.18,1.45,10.85,0.43,5.65,0.23,16.93,0.68,20.00,0.12,,,,,,,,,,,,,,,,,,,,,,,,,,,0.68023256,2,,30,2.00,2.00,0.40,21.71,,,,,,,,,,,,,,,,,,30,23,2.00,2.00,0.40,21.71,0.87,2
88,,19,04/02/19,Plantation,2008,Wadhyoon Wala,,,40,center,22112945,727592,,,,5,Avecinia,6.00,6.00,1.10,1.64,72.59,2.90,40.98,1.64,113.57,4.54,36.30,1.45,15.98,0.64,53.73,2.15,10.00,0.79,,,,,,,,,,,,,,,,,,,,,,,,,,,2.135194069,2,,15,6.00,6.00,1.10,72.59,,,,,,,,,,,,,,,,,,15,5,6.00,6.00,1.10,72.59,2.90,2
,,10,29-1-2019,Plantation,1998,korangi,,,,SSU135,movement was impossible due to dence vegetation,,,,,,,7.80,14.22,1.96,2.79,311.86,12.47,168.24,6.73,480.10,19.20,155.93,6.24,65.62,2.62,227.78,9.11,20.00,1.67,,,,,,,,,,,,,,,,,,,,,,,,,,,6.742718037,2,,30,7.80,14.22,1.96,231.58,,,30,,7.80,14.22,1.96,231.58,9.26,2,12.74366408,6.742718037,3.371359019,,,,,,,,,,,,
,,14,31-1-2019,Plantation,1996,,,,,SSU315 lies in water,,,,,,,,3.89,3.89,0.55,1.25,302.34,12.09,182.99,7.32,485.34,19.41,151.17,6.05,71.37,2.85,228.59,9.14,22.00,1.52,,,,,,,,,,,,,,,,,,,,,,,,,,,9.124323987,2,,50,3.89,3.89,0.55,302.34,,,50,,3.89,3.89,0.55,302.34,12.09,2,10.24376667,9.124323987,4.562161994,,,,,,,,,,,,
,,31.1,22-1-2019,Plantation,,,,,,SSU315 lies in water,,,,,,71,"Avecinia,Rhizophera",2.83,2.83,1.99,2.15,226.16,9.05,121.84,4.87,348.00,13.92,113.08,4.52,47.52,1.90,165.12,6.60,2018.00,0.01,,,,,,,,,,,,,,,,,,,,,,,,,,,5.132705685,12,,60,2.83,2.83,1.99,151.17,,,60,71,2.83,2.83,1.99,151.17,6.05,12,9.567449296,5.132705685,,,,,,,,,,,,,
,,,,Plantation,,,,,,,,,,,,136,"Avecinia,Rhizophera",2.65,2.65,1.68,1.53,300.01,12.00,177.29,7.09,477.30,19.09,150.01,6.00,69.14,2.77,225.15,9.01,2018.00,0.02,,,,,,,,,,,,,,,,,,,,,,,,,,,8.224886655,12,,50,2.65,2.65,1.68,260.20,,,50,136,2.65,2.65,1.68,260.20,10.41,12,9.449864706,8.224886655,,,,,,,,,,,,,
,,,,Plantation,,,,,,,,,,,,27,"Avecinia,Rhizophera",3.40,5.60,1.94,3.00,143.20,5.73,81.63,3.27,224.83,8.99,71.60,2.86,31.83,1.27,106.30,4.25,2018.00,0.01,,,,,,,,,,,,,,,,,,,,,,,,,,,3.273149727,12,,70,3.40,5.60,1.94,101.20,,,70,27,3.40,5.60,1.94,101.20,4.05,12,9.929313939,3.273149727,,,,,,,,,,,,,
104,,33,,Plantation,2014,K T Bandar,,,10,Center,,,,,,83,"Avecinia,Rhizophera",2.99,2.99,1.99,1.22,240.29,9.61,147.16,5.89,387.45,15.50,120.14,4.81,57.39,2.30,182.34,7.29,4.00,6.67,,,,,,,,,,,,,,,,,,,,,,,,,,,6.41438489,12,,66,2.99,2.99,1.99,194.03,,,66,83,2.99,2.99,1.99,194.03,7.76,12,9.66779759,6.41438489,,,,,,,,,,,,,
,,,,Plantation,,,,,,,,,,,,27,Avecinia,3.90,5.85,1.83,3.25,154.11,6.16,91.71,3.67,245.82,9.83,77.05,3.08,35.77,1.43,115.90,4.64,2018.00,0.01,,,,,,,,,,,,,,,,,,,,,,,,,,,4.019583231,12,,65,3.90,5.85,1.83,133.40,,,65,27,3.90,5.85,1.83,133.40,5.34,12,10.25001523,4.019583231,,,,,,,,,,,,,